<?xml version="1.0" encoding="ISO-8859-1"?>
<questestinterop xmlns="http://www.imsglobal.org/xsd/ims_qtiasiv1p2" xmlns:xsi="http://www.w3.org/2001/XMLSchema-instance" xsi:schemaLocation="http://www.imsglobal.org/xsd/ims_qtiasiv1p2 http://www.imsglobal.org/xsd/ims_qtiasiv1p2p1.xsd">
  <assessment ident="ib1b158a77cd2a4f377c7e548fbf56665" title="Dwivedi2023_Quiz">
    <qtimetadata>
      <qtimetadatafield>
        <fieldlabel>cc_maxattempts</fieldlabel>
        <fieldentry>1</fieldentry>
      </qtimetadatafield>
    </qtimetadata>
    <section ident="root_section">
      <item ident="i06b15aaa2046df47294d7bf1cad9a0d2" title="Question 1">
        <itemmetadata>
          <qtimetadata>
            <qtimetadatafield>
              <fieldlabel>question_type</fieldlabel>
              <fieldentry>multiple_choice_question</fieldentry>
            </qtimetadatafield>
            <qtimetadatafield>
              <fieldlabel>points_possible</fieldlabel>
              <fieldentry>16.67</fieldentry>
            </qtimetadatafield>
            <qtimetadatafield>
              <fieldlabel>assessment_question_identifierref</fieldlabel>
              <fieldentry>i17be3be7c120dc519cbc7c5dddb37bd9</fieldentry>
            </qtimetadatafield>
          </qtimetadata>
        </itemmetadata>
        <presentation>
          <material>
            <mattext texttype="text/html">What is the primary focus of the Dwivedi2023 paper?</mattext>
          </material>
          <response_lid ident="response1" rcardinality="Single">
            <render_choice>
              <response_label ident="1000">
                <material>
                  <mattext texttype="text/plain">Analyzing the economic impacts of ChatGPT</mattext>
                </material>
              </response_label>
              <response_label ident="1001">
                <material>
                  <mattext texttype="text/plain">Multidisciplinary perspectives on generative AI like ChatGPT</mattext>
                </material>
              </response_label>
              <response_label ident="1002">
                <material>
                  <mattext texttype="text/plain">Technical overview of ChatGPT's architecture</mattext>
                </material>
              </response_label>
              <response_label ident="1003">
                <material>
                  <mattext texttype="text/plain">Privacy concerns related to ChatGPT</mattext>
                </material>
              </response_label>
              <response_label ident="1004">
                <material>
                  <mattext texttype="text/plain">Marketing strategies for AI technologies</mattext>
                </material>
              </response_label>
            </render_choice>
          </response_lid>
        </presentation>
        <resprocessing>
          <outcomes>
            <decvar maxvalue="100" minvalue="0" varname="SCORE" vartype="Decimal"/>
          </outcomes>
          <respcondition continue="No">
            <conditionvar>
              <varequal respident="response1">1001</varequal>
            </conditionvar>
            <setvar action="Set" varname="SCORE">100</setvar>
          </respcondition>
        </resprocessing>
      </item>
      <item ident="i21c58e47a1a80e754148cc396bc8794d" title="Question 2">
        <itemmetadata>
          <qtimetadata>
            <qtimetadatafield>
              <fieldlabel>question_type</fieldlabel>
              <fieldentry>multiple_choice_question</fieldentry>
            </qtimetadatafield>
            <qtimetadatafield>
              <fieldlabel>points_possible</fieldlabel>
              <fieldentry>16.67</fieldentry>
            </qtimetadatafield>
            <qtimetadatafield>
              <fieldlabel>assessment_question_identifierref</fieldlabel>
              <fieldentry>id5ceb0ae5a75b10f88068a4c425aa6e8</fieldentry>
            </qtimetadatafield>
          </qtimetadata>
        </itemmetadata>
        <presentation>
          <material>
            <mattext texttype="text/html">Which area does the paper predict will experience significant disruption due to ChatGPT?</mattext>
          </material>
          <response_lid ident="response1" rcardinality="Single">
            <render_choice>
              <response_label ident="2000">
                <material>
                  <mattext texttype="text/plain">Physical labor industries</mattext>
                </material>
              </response_label>
              <response_label ident="2001">
                <material>
                  <mattext texttype="text/plain">Traditional manufacturing</mattext>
                </material>
              </response_label>
              <response_label ident="2002">
                <material>
                  <mattext texttype="text/plain">Knowledge work productivity</mattext>
                </material>
              </response_label>
              <response_label ident="2003">
                <material>
                  <mattext texttype="text/plain">Automotive sector</mattext>
                </material>
              </response_label>
              <response_label ident="2004">
                <material>
                  <mattext texttype="text/plain">Real estate</mattext>
                </material>
              </response_label>
            </render_choice>
          </response_lid>
        </presentation>
        <resprocessing>
          <outcomes>
            <decvar maxvalue="100" minvalue="0" varname="SCORE" vartype="Decimal"/>
          </outcomes>
          <respcondition continue="No">
            <conditionvar>
              <varequal respident="response1">2002</varequal>
            </conditionvar>
            <setvar action="Set" varname="SCORE">100</setvar>
          </respcondition>
        </resprocessing>
      </item>
      <item ident="i7d5e14c0976b4550749eb73f126c6a21" title="Question 3">
        <itemmetadata>
          <qtimetadata>
            <qtimetadatafield>
              <fieldlabel>question_type</fieldlabel>
              <fieldentry>multiple_choice_question</fieldentry>
            </qtimetadatafield>
            <qtimetadatafield>
              <fieldlabel>points_possible</fieldlabel>
              <fieldentry>16.67</fieldentry>
            </qtimetadatafield>
            <qtimetadatafield>
              <fieldlabel>assessment_question_identifierref</fieldlabel>
              <fieldentry>i819cd073676cd4c1fa9f6ce43e602c71</fieldentry>
            </qtimetadatafield>
          </qtimetadata>
        </itemmetadata>
        <presentation>
          <material>
            <mattext texttype="text/html">According to the paper, what kind of AI model is ChatGPT classified as?</mattext>
          </material>
          <response_lid ident="response1" rcardinality="Single">
            <render_choice>
              <response_label ident="3000">
                <material>
                  <mattext texttype="text/plain">Supervised learning model</mattext>
                </material>
              </response_label>
              <response_label ident="3001">
                <material>
                  <mattext texttype="text/plain">Unsupervised learning model</mattext>
                </material>
              </response_label>
              <response_label ident="3002">
                <material>
                  <mattext texttype="text/plain">Generative AI model</mattext>
                </material>
              </response_label>
              <response_label ident="3003">
                <material>
                  <mattext texttype="text/plain">Reinforcement learning model</mattext>
                </material>
              </response_label>
              <response_label ident="3004">
                <material>
                  <mattext texttype="text/plain">Decision tree model</mattext>
                </material>
              </response_label>
            </render_choice>
          </response_lid>
        </presentation>
        <resprocessing>
          <outcomes>
            <decvar maxvalue="100" minvalue="0" varname="SCORE" vartype="Decimal"/>
          </outcomes>
          <respcondition continue="No">
            <conditionvar>
              <varequal respident="response1">3002</varequal>
            </conditionvar>
            <setvar action="Set" varname="SCORE">100</setvar>
          </respcondition>
        </resprocessing>
      </item>
      <item ident="i98f621314759192aa9ca415f7654c318" title="Question 4">
        <itemmetadata>
          <qtimetadata>
            <qtimetadatafield>
              <fieldlabel>question_type</fieldlabel>
              <fieldentry>multiple_choice_question</fieldentry>
            </qtimetadatafield>
            <qtimetadatafield>
              <fieldlabel>points_possible</fieldlabel>
              <fieldentry>16.67</fieldentry>
            </qtimetadatafield>
            <qtimetadatafield>
              <fieldlabel>assessment_question_identifierref</fieldlabel>
              <fieldentry>i8f0bb6fd5f912bdcc712e3fa43285a80</fieldentry>
            </qtimetadatafield>
          </qtimetadata>
        </itemmetadata>
        <presentation>
          <material>
            <mattext texttype="text/html">What challenge is associated with ChatGPT according to the paper?</mattext>
          </material>
          <response_lid ident="response1" rcardinality="Single">
            <render_choice>
              <response_label ident="4000">
                <material>
                  <mattext texttype="text/plain">High computational cost for training</mattext>
                </material>
              </response_label>
              <response_label ident="4001">
                <material>
                  <mattext texttype="text/plain">Difficulty in differentiating human vs. AI authorship</mattext>
                </material>
              </response_label>
              <response_label ident="4002">
                <material>
                  <mattext texttype="text/plain">Lack of available data for training</mattext>
                </material>
              </response_label>
              <response_label ident="4003">
                <material>
                  <mattext texttype="text/plain">Inability to process natural language</mattext>
                </material>
              </response_label>
              <response_label ident="4004">
                <material>
                  <mattext texttype="text/plain">Limited application in real-world scenarios</mattext>
                </material>
              </response_label>
            </render_choice>
          </response_lid>
        </presentation>
        <resprocessing>
          <outcomes>
            <decvar maxvalue="100" minvalue="0" varname="SCORE" vartype="Decimal"/>
          </outcomes>
          <respcondition continue="No">
            <conditionvar>
              <varequal respident="response1">4001</varequal>
            </conditionvar>
            <setvar action="Set" varname="SCORE">100</setvar>
          </respcondition>
        </resprocessing>
      </item>
      <item ident="i84bc0b936d3cda15360f8d9d9d72b08f" title="Question 5">
        <itemmetadata>
          <qtimetadata>
            <qtimetadatafield>
              <fieldlabel>question_type</fieldlabel>
              <fieldentry>multiple_choice_question</fieldentry>
            </qtimetadatafield>
            <qtimetadatafield>
              <fieldlabel>points_possible</fieldlabel>
              <fieldentry>16.67</fieldentry>
            </qtimetadatafield>
            <qtimetadatafield>
              <fieldlabel>assessment_question_identifierref</fieldlabel>
              <fieldentry>idc3213257652652b7613a706e0a0be9e</fieldentry>
            </qtimetadatafield>
          </qtimetadata>
        </itemmetadata>
        <presentation>
          <material>
            <mattext texttype="text/html">What is one of the research questions proposed by the paper?</mattext>
          </material>
          <response_lid ident="response1" rcardinality="Single">
            <render_choice>
              <response_label ident="5000">
                <material>
                  <mattext texttype="text/plain">How to reduce the computational resources needed by ChatGPT</mattext>
                </material>
              </response_label>
              <response_label ident="5001">
                <material>
                  <mattext texttype="text/plain">Ways to improve ChatGPT's humor generation capabilities</mattext>
                </material>
              </response_label>
              <response_label ident="5002">
                <material>
                  <mattext texttype="text/plain">Opportunities and challenges of ChatGPT in business and society</mattext>
                </material>
              </response_label>
              <response_label ident="5003">
                <material>
                  <mattext texttype="text/plain">The impact of ChatGPT on global warming</mattext>
                </material>
              </response_label>
              <response_label ident="5004">
                <material>
                  <mattext texttype="text/plain">Strategies for monetizing ChatGPT</mattext>
                </material>
              </response_label>
            </render_choice>
          </response_lid>
        </presentation>
        <resprocessing>
          <outcomes>
            <decvar maxvalue="100" minvalue="0" varname="SCORE" vartype="Decimal"/>
          </outcomes>
          <respcondition continue="No">
            <conditionvar>
              <varequal respident="response1">5002</varequal>
            </conditionvar>
            <setvar action="Set" varname="SCORE">100</setvar>
          </respcondition>
        </resprocessing>
      </item>
      <item ident="i4f44269b63a95e9d89d8853e6378c509" title="Question 6">
        <itemmetadata>
          <qtimetadata>
            <qtimetadatafield>
              <fieldlabel>question_type</fieldlabel>
              <fieldentry>multiple_choice_question</fieldentry>
            </qtimetadatafield>
            <qtimetadatafield>
              <fieldlabel>points_possible</fieldlabel>
              <fieldentry>16.67</fieldentry>
            </qtimetadatafield>
            <qtimetadatafield>
              <fieldlabel>assessment_question_identifierref</fieldlabel>
              <fieldentry>ibcfe5e96d99b8e728355b699d776e388</fieldentry>
            </qtimetadatafield>
          </qtimetadata>
        </itemmetadata>
        <presentation>
          <material>
            <mattext texttype="text/html">What approach does the paper suggest for addressing the ethical concerns raised by ChatGPT's usage?</mattext>
          </material>
          <response_lid ident="response1" rcardinality="Single">
            <render_choice>
              <response_label ident="6000">
                <material>
                  <mattext texttype="text/plain">Completely banning the use of ChatGPT</mattext>
                </material>
              </response_label>
              <response_label ident="6001">
                <material>
                  <mattext texttype="text/plain">Government regulation and oversight</mattext>
                </material>
              </response_label>
              <response_label ident="6002">
                <material>
                  <mattext texttype="text/plain">Developing a new AI ethics framework</mattext>
                </material>
              </response_label>
              <response_label ident="6003">
                <material>
                  <mattext texttype="text/plain">Ignoring ethical concerns as irrelevant</mattext>
                </material>
              </response_label>
              <response_label ident="6004">
                <material>
                  <mattext texttype="text/plain">Collaboration between AI developers and ethicists</mattext>
                </material>
              </response_label>
            </render_choice>
          </response_lid>
        </presentation>
        <resprocessing>
          <outcomes>
            <decvar maxvalue="100" minvalue="0" varname="SCORE" vartype="Decimal"/>
          </outcomes>
          <respcondition continue="No">
            <conditionvar>
              <varequal respident="response1">6004</varequal>
            </conditionvar>
            <setvar action="Set" varname="SCORE">100</setvar>
          </respcondition>
        </resprocessing>
      </item>
    </section>
  </assessment>
</questestinterop>
